,Precision Cancer,Recall Cancer,F1 Cancer,Precision Stroma,Recall Stroma,F1 Stroma,F1 Weighted,reference,method
0,0.0,0.0,0.0,0.09558823529411764,1.0,0.17449664429530198,0.016679826292933277,External,spotlight
0,0.0,0.0,0.0,0.09558823529411764,1.0,0.17449664429530198,0.016679826292933277,Internal,spotlight
0,0.0,0.0,0.0,0.09558823529411764,1.0,0.17449664429530198,0.016679826292933277,ReSort,spotlight
0,0.0,0.0,0.0,0.0959409594095941,1.0,0.1750841750841751,0.01673598732422262,External,music
0,0.0,0.0,0.0,0.9615384615384616,0.9615384615384616,0.9615384615384616,0.09191176470588235,External,stereoscope
0,0.0,0.0,0.0,1.0,0.9615384615384616,0.9803921568627451,0.09371395617070356,External,RCTD
0,0.0,0.0,0.0,1.0,0.9615384615384616,0.9803921568627451,0.09371395617070356,External,cell2loc
0,1.0,0.052845528455284556,0.10038610038610041,0.33783783783783783,0.9615384615384616,0.5,0.13858448784919375,Internal,music
0,1.0,0.028455284552845527,0.05533596837944663,1.0,1.0,1.0,0.14563473610788188,External,spatialDWLS
0,1.0,0.3699186991869919,0.5400593471810089,0.5102040816326531,0.9615384615384616,0.6666666666666667,0.5521615174259615,ReSort,music
0,0.9083969465648855,0.483739837398374,0.6312997347480106,0.10144927536231885,0.5384615384615384,0.17073170731707318,0.5872748497729946,BayesSpace,BayesSpace
0,0.9912663755458515,0.9227642276422764,0.9557894736842105,1.0,0.9230769230769231,0.9600000000000001,0.9561919504643963,Internal,stereoscope
0,0.9957446808510638,0.9512195121951219,0.9729729729729729,1.0,0.9615384615384616,0.9803921568627451,0.9736821596683187,Internal,cell2loc
0,0.9916666666666667,0.967479674796748,0.9794238683127573,1.0,0.9230769230769231,0.9600000000000001,0.9775671750181555,Internal,RCTD
0,0.9917355371900827,0.975609756097561,0.9836065573770492,1.0,0.9230769230769231,0.9600000000000001,0.9813500482160077,ReSort,stereoscope
0,0.9918032786885246,0.983739837398374,0.9877551020408164,1.0,0.9230769230769231,0.9600000000000001,0.9851020408163267,ReSort,cell2loc
0,0.991869918699187,0.991869918699187,0.991869918699187,1.0,0.9230769230769231,0.9600000000000001,0.9888235294117647,Internal,spatialDWLS
0,0.9919028340080972,0.9959349593495935,0.9939148073022313,1.0,0.9230769230769231,0.9600000000000001,0.9906729507218709,ReSort,RCTD
0,0.9919354838709677,1.0,0.9959514170040485,1.0,0.9230769230769231,0.9600000000000001,0.9925148844963086,ReSort,spatialDWLS
